light luminosity,time of the day,proximity,predicted light luminosity,Dataset
32.10737786,6:22,1,43.65610289,Mock-set
27.47524507,6:05,0,100,Mock-set
34.79122937,6:47,1,43.6480206,Mock-set
30.11506734,6:39,0,97.88801256,Mock-set
42.68672384,7:11,1,48.11723858,Mock-set
42.34845881,7:12,0,100,Mock-set
73.15473172,8:11,1,14.20062671,Mock-set
78.03351687,8:07,0,97.01901861,Mock-set
95.38398495,9:15,1,15.99894262,Mock-set
100,9:01,0,23.37551071,Mock-set
100,10:27,1,23.92867648,Mock-set
99.06589961,10:24,0,14.42492139,Mock-set
91.99042077,11:12,1,15.15358082,Mock-set
100,11:34,0,11.99103633,Mock-set
99.26681665,12:13,1,15.44065878,Mock-set
100,12:09,0,17.36334017,Mock-set
100,13:31,1,2.080633582,Mock-set
100,13:14,0,22.6753635,Mock-set
96.61712936,14:04,1,23.94016028,Mock-set
100,14:19,0,20.59913826,Mock-set
54.12317339,6:02,1,19.05200565,Mock-set
48.58107789,6:05,0,100,Mock-set
59.91860228,6:39,1,23.39816767,Mock-set
64.24810057,6:47,0,89.71112504,Mock-set
38.49146251,7:22,1,50.9581732,Mock-set
40.47811744,7:22,0,95.00914521,Mock-set
39.81321127,8:21,1,52.50980825,Mock-set
41.88888517,8:24,0,98.10091936,Mock-set
30.71044494,9:07,1,47.80332558,Mock-set
39.45783374,9:06,0,100,Mock-set
54.21637718,10:18,1,9.802988536,Mock-set
70.53269358,10:12,0,100,Mock-set
59.29149417,11:07,1,16.79385025,Mock-set
60.94805913,11:07,0,100,Mock-set
39.92518435,12:12,1,52.29748913,Mock-set
46.09227819,12:17,0,97.43362203,Mock-set
82.799287,13:18,1,16.50143064,Mock-set
100,13:13,0,17.01620329,Mock-set
27.04860323,14:16,1,47.84384259,Mock-set
46.71637633,14:22,0,91.10572451,Mock-set
80.47854583,6:20,1,18.1694207,Mock-set
84.88108676,6:08,0,100,Mock-set
83.85774699,6:51,1,12.69906108,Mock-set
81.22323474,6:46,0,92.80091119,Mock-set
66.01802268,7:11,1,25.86374345,Mock-set
64.85232687,7:21,0,100,Mock-set
96.55620584,8:08,1,10.56137997,Mock-set
100,8:15,0,22.05183778,Mock-set
93.61579607,9:38,1,8.056291629,Mock-set
99.20272504,9:16,0,23.65082121,Mock-set
100,10:07,1,19.76648454,Mock-set
99.74147379,10:14,0,23.71657381,Mock-set
100,11:20,1,14.24477787,Mock-set
98.47820052,11:15,0,22.33434496,Mock-set
96.22423217,12:18,1,24.92174971,Mock-set
100,12:18,0,21.7944027,Mock-set
95.15011978,13:27,1,16.75044067,Mock-set
100,13:25,0,21.34254835,Mock-set
100,14:27,1,24.93880691,Mock-set
92.41034872,14:08,0,28.46532178,Mock-set
46.70670825,15:42,1,51.40408247,Mock-set
49.08594943,15:12,0,89.43578918,Mock-set
70.84041132,16:26,1,20.73899799,Mock-set
62.06207551,16:21,0,100,Mock-set
37.70698246,17:10,1,13.2165811,Mock-set
38.06413505,17:05,0,100,Mock-set
35.83909854,18:16,1,54.09568772,Mock-set
37.08048346,18:14,0,100,Mock-set
29.07032667,19:20,1,53.5787544,Mock-set
39.83018027,19:14,0,97.75879024,Mock-set
20.65925881,20:17,1,58.86167674,Mock-set
19.31736179,20:08,0,100,Mock-set
8.877426292,21:10,1,60.35532437,Mock-set
6.057620837,21:27,0,96.89783322,Mock-set
7.440548128,22:16,1,52.45075043,Mock-set
3.440961334,22:12,0,97.39229035,Mock-set
10.881879,23:15,1,47.05685732,Mock-set
7.717317791,23:19,0,100,Mock-set
1.366331193,0:09,1,59.09869054,Mock-set
6,0:04,0,100,Mock-set
2.239540839,0:44,1,56.84308984,Mock-set
6,0:49,0,100,Mock-set
6,1:02,1,47.2860069,Mock-set
1.337378802,1:06,0,97.8926698,Mock-set
5,1:04,1,65.46356091,Mock-set
0.038309069,1:02,0,100,Mock-set
7,1:58,1,45.38334045,Mock-set
2.572266046,1:42,0,100,Mock-set
1,1:58,1,58.35141298,Mock-set
4,1:54,0,100,Mock-set
3.475275846,2:00,1,51.55702005,Mock-set
1,2:17,0,92.44794302,Mock-set
5.204872499,2:40,1,55.12144256,Mock-set
3.210090781,2:44,0,100,Mock-set
6,2:51,1,43.75009399,Mock-set
0.682585066,2:48,0,100,Mock-set
0.129291316,3:44,1,47.56715625,Mock-set
8,3:03,0,100,Mock-set
5.152156711,3:35,1,54.68156584,Mock-set
4.506946217,3:47,0,100,Mock-set
13.59225541,4:11,1,52.22803055,Mock-set
12.89646506,4:09,0,100,Mock-set
13.19820101,4:03,1,55.36764854,Mock-set
10.38850527,4:02,0,100,Mock-set
6.050978111,4:43,1,52.72764031,Mock-set
12.25596996,4:44,0,100,Mock-set
20.64528642,4:55,1,53.22552632,Mock-set
9.457247423,5:05,0,88.99087494,Mock-set
20.65726225,5:16,1,47.33484408,Mock-set
25.43999389,5:28,0,100,Mock-set
17.79659353,5:36,1,63.03647377,Mock-set
11.73963741,5:29,0,89.72324098,Mock-set
18.42028664,5:42,1,56.34618653,Mock-set
10.34085962,5:48,0,100,Mock-set
16.57639243,5:53,1,54.36039474,Mock-set
22.97748871,5:51,0,100,Mock-set
30.13665002,6:24,0,100,Mock-set
37.21444368,6:35,1,48.76724209,Mock-set
29.24350862,6:49,0,100,Mock-set
51.13881586,7:03,1,52.34819315,Mock-set
35.05150926,7:33,0,99.58522633,Mock-set
74.44644588,8:03,1,11.51518419,Mock-set
82.69838734,8:13,0,100,Mock-set
95.98847153,9:24,1,25.97388896,Mock-set
94.28613732,9:19,0,20.84900118,Mock-set
100,9:42,1,23.66348972,Mock-set
100,10:07,0,24.903199,Mock-set
96.41757472,11:06,1,17.97405597,Mock-set
97.50603575,11:14,0,11.99850524,Mock-set
92.74156844,12:14,1,13.12955515,Mock-set
100,12:27,0,21.13114007,Mock-set
97.27714089,13:17,1,17.42978683,Mock-set
97.07147666,13:00,0,23.14646422,Mock-set
96.15873648,14:24,1,18.33764246,Mock-set
100,14:18,0,28.1142167,Mock-set
44.11148142,6:27,1,17.54700251,Mock-set
47.9608973,6:16,0,100,Mock-set
57.79759677,6:43,1,24.20922319,Mock-set
55.97674873,6:50,0,87.9161293,Mock-set
45.15154441,7:08,1,53.57704503,Mock-set
40.10428349,7:29,0,95.07333767,Mock-set
47.15733265,8:22,1,50.67597514,Mock-set
36.48465399,8:01,0,93.12995565,Mock-set
32.50959401,9:30,1,48.32966338,Mock-set
41.62548301,9:15,0,100,Mock-set
47.06511777,10:10,1,24.46273549,Mock-set
61.19051435,10:01,0,100,Mock-set
79.24873504,11:13,1,12.41344176,Mock-set
65.87859071,11:24,0,93.84436655,Mock-set
43.14473205,12:06,1,54.33586112,Mock-set
35.98632294,12:21,0,94.98314507,Mock-set
84.54894609,13:09,1,12.3940556,Mock-set
100,13:01,0,19.32507152,Mock-set
11.98884945,14:11,1,54.07591988,Mock-set
44.86222352,14:26,0,100,Mock-set
88.16510896,6:07,1,18.93922399,Mock-set
76.18675895,6:24,0,93.8244466,Mock-set
89.88510083,6:34,1,16.98069154,Mock-set
83.7111553,6:38,0,90.48603731,Mock-set
71.73066736,7:05,1,27.69497592,Mock-set
69.92360254,7:02,0,92.9244967,Mock-set
100,8:03,1,27.42246156,Mock-set
100,8:31,0,20.97886879,Mock-set
89.70890383,9:12,1,10.68206684,Mock-set
100,9:15,0,17.24502143,Mock-set
100,10:09,1,20.17926158,Mock-set
93.4724975,10:25,0,22.57225602,Mock-set
93.71920732,11:08,1,22.67733424,Mock-set
96.97619309,12:00,0,11.88570777,Mock-set
97.94044376,12:41,1,23.22837884,Mock-set
93.92513359,12:23,0,17.27449857,Mock-set
98.15192805,12:40,1,21.43335241,Mock-set
94.16169117,13:10,0,18.91583967,Mock-set
90.27614318,14:10,1,18.32873189,Mock-set
96.40406237,14:18,0,21.59533194,Mock-set
61.71058642,15:10,1,52.19782783,Mock-set
56.59995793,15:42,0,97.37476041,Mock-set
73.71491373,16:06,1,23.53194405,Mock-set
60.62145293,16:17,0,100,Mock-set
48.53002771,17:31,1,16.35127517,Mock-set
40.58109629,17:09,0,100,Mock-set
41.74417058,18:18,1,55.26498631,Mock-set
34.67508952,18:22,0,100,Mock-set
29.76339538,19:15,1,47.98657291,Mock-set
27.96500926,19:02,0,100,Mock-set
12.74163043,20:08,1,56.25480969,Mock-set
21.20810139,20:09,0,91.37968777,Mock-set
9.278453893,21:11,1,51.66815064,Mock-set
12.30179879,21:25,0,100,Mock-set
2.723916477,22:05,1,52.09583947,Mock-set
5.486272453,22:07,0,85.031698,Mock-set
8.694413849,23:23,1,51.5327175,Mock-set
8,23:13,0,100,Mock-set
5.932705388,0:16,1,48.6279775,Mock-set
6,0:28,0,100,Mock-set
3.408377245,0:45,1,46.91469188,Mock-set
2.980315076,0:31,0,91.30443781,Mock-set
9,0:53,1,56.86939401,Mock-set
6,0:52,0,99.46929041,Mock-set
9,1:17,1,52.50886679,Mock-set
9.886760244,1:18,0,100,Mock-set
1,1:53,1,47.45412148,Mock-set
6.585144371,1:57,0,100,Mock-set
4,1:59,1,51.01153432,Mock-set
10,1:58,0,94.43014127,Mock-set
5,2:25,1,53.11506829,Mock-set
0.673121692,2:11,0,97.70668818,Mock-set
4.873734347,2:56,1,48.29976636,Mock-set
7,2:56,0,100,Mock-set
9,3:05,1,60.79317391,Mock-set
6.635036573,3:02,0,100,Mock-set
2.839805181,3:20,1,51.33785746,Mock-set
3,3:34,0,100,Mock-set
3.040169082,3:31,1,51.14577471,Mock-set
7.686718304,3:41,0,98.57769045,Mock-set
2,3:52,1,54.76057278,Mock-set
5.048396926,4:04,0,97.406322,Mock-set
2.659808673,4:28,1,45.20702538,Mock-set
8.232157111,4:13,0,100,Mock-set
4.206806438,4:42,1,46.87158176,Mock-set
22.93010228,4:39,0,98.24778933,Mock-set
12.34694644,5:05,1,44.12337344,Mock-set
20.11757991,5:11,0,100,Mock-set
22.64352515,5:07,1,60.30772219,Mock-set
17.4863822,5:10,0,100,Mock-set
13.29154951,5:36,1,47.1383625,Mock-set
15.80389904,5:30,0,100,Mock-set
16.41889133,6:13,1,46.89373149,Mock-set
22.63128227,5:56,0,96.96229659,Mock-set
24.68203917,5:49,1,47.83176348,Mock-set
23.20310972,5:59,0,100,Mock-set
33.7857555,6:18,0,100,Mock-set
34.58563853,6:50,1,46.93798201,Mock-set
34.20629372,6:38,0,96.85758556,Mock-set
26.79245135,7:17,1,48.44629966,Mock-set
37.30504058,7:10,0,97.78512047,Mock-set
77.63392521,8:11,1,23.08861706,Mock-set
82.92795405,8:24,0,100,Mock-set
89.51896594,9:33,1,22.80005257,Mock-set
90.98582053,9:20,0,21.28563869,Mock-set
100,10:14,1,17.21149777,Mock-set
97.33199044,10:49,0,14.40188992,Mock-set
95.52389125,11:31,1,12.89376661,Mock-set
100,11:15,0,23.37156459,Mock-set
100,12:25,1,16.12201079,Mock-set
91.32794,12:16,0,20.40838711,Mock-set
95.45344871,13:02,1,18.76212807,Mock-set
100,13:24,0,18.04135971,Mock-set
100,14:19,1,12.88283823,Mock-set
100,14:09,0,26.03328186,Mock-set
45.8782966,6:19,1,17.83840901,Mock-set
50.25825441,6:34,0,96.86099791,Mock-set
59.91633072,6:47,1,19.93772248,Mock-set
58.19848369,6:57,0,100,Mock-set
44.00710892,7:00,1,54.49892591,Mock-set
34.5036107,7:12,0,93.41178262,Mock-set
41.40571641,8:05,1,47.03295894,Mock-set
39.15612188,8:05,0,100,Mock-set
34.31754236,9:21,1,52.74457274,Mock-set
42.15354662,9:26,0,94.67066716,Mock-set
49.63253165,10:23,1,26.57843299,Mock-set
59.47598955,10:11,0,100,Mock-set
57.00047992,11:17,1,18.94601556,Mock-set
63.99249479,11:15,0,94.2050822,Mock-set
34.1805522,12:26,1,50.55882083,Mock-set
44.0963437,12:21,0,94.53876103,Mock-set
78.59217593,13:12,1,17.70040031,Mock-set
95.38277495,13:05,0,16.57801975,Mock-set
25.90603602,14:10,1,58.99248184,Mock-set
38.63674721,14:25,0,100,Mock-set
88.42645383,6:28,1,23.5397811,Mock-set
76.39941888,6:22,0,94.69940103,Mock-set
79.71176458,6:49,1,18.6080483,Mock-set
89.92634456,7:06,0,93.46538206,Mock-set
67.35988293,7:12,1,17.38300106,Mock-set
72.41068718,7:13,0,100,Mock-set
100,8:02,1,20.86843439,Mock-set
100,8:05,0,16.28759845,Mock-set
94.21019476,9:14,1,23.81309814,Mock-set
99.02136287,9:23,0,17.49917872,Mock-set
100,10:34,1,17.98749949,Mock-set
100,10:22,0,29.34582835,Mock-set
97.47671262,11:09,1,23.4353325,Mock-set
100,11:27,0,18.06679866,Mock-set
100,12:20,1,27.5054274,Mock-set
100,12:17,0,15.77006578,Mock-set
100,13:08,1,15.55648251,Mock-set
100,13:21,0,12.11175495,Mock-set
100,14:17,1,17.56643055,Mock-set
99.10782045,14:13,0,11.93060346,Mock-set
52.08797,14:43,1,46.86109037,Mock-set
46.70561142,15:00,0,97.71609046,Mock-set
63.15130283,16:28,1,19.94367917,Mock-set
67.85498383,16:12,0,100,Mock-set
49.03725044,17:11,1,25.3611582,Mock-set
38.32193817,17:19,0,100,Mock-set
46.60679887,18:15,1,49.75509908,Mock-set
38.19083165,18:59,0,99.24866789,Mock-set
31.20072579,19:25,1,41.59442195,Mock-set
35.47146849,19:35,0,99.00879941,Mock-set
11.56077498,19:58,1,53.10238228,Mock-set
13.78388159,20:24,0,98.45253981,Mock-set
10.74067978,21:11,1,56.18399416,Mock-set
5,21:03,0,100,Mock-set
13.12041382,22:03,1,55.94962944,Mock-set
6.259137272,22:11,0,94.21882696,Mock-set
14.31647983,23:08,1,45.9593028,Mock-set
2.93588958,23:11,0,100,Mock-set
4.962259583,0:21,1,50.50741008,Mock-set
1,0:02,0,93.34000923,Mock-set
7,0:49,1,59.09423897,Mock-set
9,0:51,0,98.53161152,Mock-set
8,1:14,1,46.53492762,Mock-set
5,1:09,0,91.45831048,Mock-set
6.688327712,1:27,1,53.79604391,Mock-set
6,1:20,0,100,Mock-set
0.009871826,1:45,1,42.52092308,Mock-set
8,1:36,0,100,Mock-set
1.664531344,1:59,1,48.47278543,Mock-set
3,1:53,0,100,Mock-set
8.271209747,2:23,1,48.7289827,Mock-set
6,2:05,0,100,Mock-set
8.762877091,3:05,1,44.09846168,Mock-set
4.298818799,2:48,0,95.70533321,Mock-set
6.477231426,3:04,1,46.34572454,Mock-set
8,3:05,0,91.7653152,Mock-set
0.761555459,3:15,1,52.40456153,Mock-set
3,3:22,0,100,Mock-set
9.880127669,3:37,1,45.26335026,Mock-set
8,3:52,0,100,Mock-set
7.285321909,4:01,1,58.03138438,Mock-set
1.066058749,4:05,0,100,Mock-set
5,4:14,1,48.66533238,Mock-set
5.128599524,4:11,0,100,Mock-set
11.69618378,4:34,1,41.33225336,Mock-set
22.14481555,5:01,0,100,Mock-set
21.12090024,4:56,1,51.80302852,Mock-set
27.29779508,5:00,0,93.80231721,Mock-set
29.44033383,5:17,1,50.48539522,Mock-set
26.07940934,5:20,0,99.38139846,Mock-set
17.36484002,5:24,1,30.84018046,Mock-set
14.72611996,5:35,0,99.81561585,Mock-set
15.73374172,5:43,1,54.79823099,Mock-set
20.3816665,5:44,0,98.37830812,Mock-set
28.06771026,5:57,1,43.49962619,Mock-set
36.0592903,6:39,0,100,Mock-set
29.08933832,6:09,0,100,Mock-set
43.87162742,6:55,1,44.29154856,Mock-set
25.90692948,6:48,0,88.26487136,Mock-set
36.11969762,7:14,1,55.70537042,Mock-set
24.85170988,7:12,0,100,Mock-set
75.23104763,8:17,1,24.15684837,Mock-set
77.94420425,8:25,0,100,Mock-set
89.32490068,9:25,1,23.89256972,Mock-set
100,9:12,0,20.00661192,Mock-set
99.78024276,10:31,1,22.8967475,Mock-set
98.62196148,10:10,0,15.47351465,Mock-set
100,11:19,1,19.55093526,Mock-set
98.76209979,11:24,0,18.89240613,Mock-set
99.58485553,12:16,1,23.14457615,Mock-set
94.63601043,12:20,0,21.38958779,Mock-set
98.71352462,12:40,1,20.31596925,Mock-set
97.03127708,13:06,0,19.17102703,Mock-set
90.27620175,14:12,1,26.12992836,Mock-set
100,14:05,0,20.52537131,Mock-set
48.75140829,6:11,1,28.81622245,Mock-set
49.49667765,6:07,0,100,Mock-set
64.30305988,6:52,1,20.60187631,Mock-set
70.88078192,6:54,0,99.11106012,Mock-set
53.31662958,7:03,1,52.65558291,Mock-set
47.72710982,7:05,0,96.79688568,Mock-set
41.90689706,8:24,1,54.48926993,Mock-set
44.97822494,8:29,0,96.92258406,Mock-set
37.36122605,9:30,1,56.30378843,Mock-set
28.21812289,9:15,0,100,Mock-set
51.17268893,10:25,1,19.5348851,Mock-set
59.37735469,10:10,0,96.94391631,Mock-set
62.84459776,11:18,1,21.3758647,Mock-set
64.60279228,11:11,0,100,Mock-set
30.96080429,12:12,1,52.84046534,Mock-set
43.19023991,12:09,0,100,Mock-set
84.68469021,13:18,1,23.41592685,Mock-set
100,13:08,0,10.66420574,Mock-set
15.98133592,14:12,1,48.81691396,Mock-set
38.87099355,14:17,0,90.28142222,Mock-set
80.38067862,6:07,1,26.34904474,Mock-set
84.54309661,6:14,0,100,Mock-set
79.87540376,6:44,1,14.31100832,Mock-set
83.32454935,6:42,0,98.97398935,Mock-set
72.30042087,6:59,1,17.91146702,Mock-set
80.34872031,7:23,0,99.91149311,Mock-set
99.72282033,8:22,1,19.35604858,Mock-set
100,8:17,0,20.93357011,Mock-set
94.61342485,9:17,1,19.85929973,Mock-set
100,9:19,0,17.38678774,Mock-set
100,10:07,1,16.56077436,Mock-set
100,10:07,0,22.61498698,Mock-set
98.41356396,11:24,1,23.19792951,Mock-set
100,11:12,0,18.11858402,Mock-set
100,11:59,1,20.16446242,Mock-set
96.4848903,12:06,0,28.54628709,Mock-set
100,13:14,1,25.52308879,Mock-set
96.54590162,13:39,0,20.93313165,Mock-set
100,14:12,1,23.41066739,Mock-set
97.13324199,14:06,0,21.43606527,Mock-set
46.95507127,15:26,1,50.32188385,Mock-set
51.84349197,15:22,0,92.12290545,Mock-set
74.10028491,16:22,1,20.18455256,Mock-set
58.21455678,16:22,0,99.47564016,Mock-set
43.1213675,17:01,1,20.61006252,Mock-set
45.83155254,17:06,0,98.95253256,Mock-set
44.18357991,18:06,1,51.06293636,Mock-set
40.54601629,18:27,0,100,Mock-set
38.04652571,19:22,1,50.04635608,Mock-set
40.15269892,19:20,0,90.76220698,Mock-set
15.05114664,20:15,1,56.88863871,Mock-set
22.87682036,20:07,0,95.47354607,Mock-set
3.978678264,21:20,1,58.07237335,Mock-set
3.975356815,21:32,0,100,Mock-set
0.664418079,22:17,1,48.21182844,Mock-set
10.62013489,22:05,0,100,Mock-set
7.153718328,23:49,1,44.02567228,Mock-set
7.248368072,23:10,0,100,Mock-set
0.292655442,0:29,1,54.53416044,Mock-set
2,0:07,0,100,Mock-set
2,0:53,1,48.24047676,Mock-set
1.033747507,0:50,0,100,Mock-set
10,1:13,1,47.05770165,Mock-set
4.43000075,0:54,0,98.35486686,Mock-set
9,1:06,1,45.5497344,Mock-set
1.289947444,1:28,0,100,Mock-set
2.580687905,1:54,1,47.84450783,Mock-set
8.433541384,1:50,0,98.14072742,Mock-set
10,1:55,1,54.9119486,Mock-set
0.835996062,1:51,0,96.66813236,Mock-set
3.85352182,2:11,1,51.82478742,Mock-set
8,2:02,0,98.76999957,Mock-set
9,2:53,1,56.16069793,Mock-set
4.213914731,2:40,0,100,Mock-set
0.223495633,3:08,1,53.17083014,Mock-set
9,2:59,0,86.26351575,Mock-set
3.540598467,3:11,1,56.04469913,Mock-set
3,3:09,0,93.87307442,Mock-set
9.703656621,3:48,1,43.83220647,Mock-set
7.187063569,3:51,0,100,Mock-set
7.053129599,3:52,1,45.22896783,Mock-set
9.062928898,3:56,0,100,Mock-set
2.339444402,4:19,1,49.64842434,Mock-set
9,4:13,0,95.41502175,Mock-set
17.8820611,4:38,1,49.8460916,Mock-set
17.59719994,4:31,0,100,Mock-set
19.57009567,5:03,1,44.80774243,Mock-set
16.26460132,5:05,0,96.41360997,Mock-set
18.98164417,5:18,1,53.7168733,Mock-set
26.3221765,5:07,0,94.1830246,Mock-set
21.15225323,5:28,1,49.20423124,Mock-set
14.21598955,5:28,0,96.07979939,Mock-set
22.21926953,5:55,1,48.37041596,Mock-set
17.41685844,5:55,0,100,Mock-set
25.22530017,5:45,1,44.3638091,Mock-set
28.26845032,6:01,0,100,Mock-set
24.98082414,6:15,0,99.10017788,Mock-set
31.48051332,6:59,1,53.93447497,Mock-set
30.54864651,7:07,0,100,Mock-set
42.70134462,7:23,1,51.57138976,Mock-set
32.86274091,7:16,0,95.47039162,Mock-set
81.70134549,8:05,1,14.62521891,Mock-set
70.99447638,8:39,0,89.57797112,Mock-set
84.04431177,9:24,1,14.92444234,Mock-set
90.29556503,9:08,0,12.38032994,Mock-set
100,10:16,1,17.25218208,Mock-set
99.80510938,10:20,0,27.90558507,Mock-set
98.33870355,11:22,1,9.456768653,Mock-set
100,11:16,0,21.12639572,Mock-set
94.58766991,12:03,1,20.30617762,Mock-set
91.35954923,12:03,0,21.6759136,Mock-set
95.10329493,13:30,1,22.58456752,Mock-set
100,13:08,0,22.31289419,Mock-set
99.29792445,14:18,1,26.41603803,Mock-set
100,14:24,0,20.86735081,Mock-set
56.06480579,6:13,1,21.96054235,Mock-set
53.20429192,6:16,0,99.45403027,Mock-set
64.98874936,6:44,1,18.52810557,Mock-set
72.50039422,6:42,0,100,Mock-set
52.52844193,7:08,1,45.56959357,Mock-set
46.27785296,7:20,0,100,Mock-set
40.00421863,8:20,1,45.24184992,Mock-set
26.167026,8:06,0,99.04832037,Mock-set
35.91388527,9:10,1,47.00121618,Mock-set
42.26594036,9:21,0,100,Mock-set
46.05167144,10:05,1,20.22910012,Mock-set
51.53782805,10:24,0,100,Mock-set
67.19349753,11:29,1,14.61663789,Mock-set
61.88114487,11:50,0,100,Mock-set
35.68099862,12:20,1,54.17812274,Mock-set
39.58849029,12:35,0,100,Mock-set
72.64608391,13:14,1,6.70644061,Mock-set
96.64611417,13:01,0,17.44294293,Mock-set
20.79207754,14:05,1,47.80320401,Mock-set
45.17637768,14:41,0,100,Mock-set
85.35459041,6:07,1,23.77261271,Mock-set
71.93903546,6:05,0,99.17308955,Mock-set
88.98089913,7:03,1,29.98822458,Mock-set
91.53686665,6:51,0,83.35010082,Mock-set
65.90062539,7:12,1,17.18510318,Mock-set
78.18679596,7:15,0,95.37461358,Mock-set
96.74659755,8:19,1,19.68125763,Mock-set
100,8:15,0,19.97528098,Mock-set
95.32904038,9:18,1,21.91922404,Mock-set
91.81183261,9:21,0,26.03993421,Mock-set
95.99719307,10:07,1,16.37972408,Mock-set
100,10:04,0,16.40783862,Mock-set
100,11:13,1,29.30466754,Mock-set
93.74316221,11:13,0,28.55718654,Mock-set
92.351274,12:13,1,24.78516748,Mock-set
99.5662378,12:06,0,26.14588868,Mock-set
100,13:04,1,29.72318662,Mock-set
92.47530668,13:40,0,21.86223016,Mock-set
92.84046193,14:08,1,18.67285491,Mock-set
100,14:35,0,16.76079891,Mock-set
50.89224324,15:25,1,51.18783033,Mock-set
52.10364232,15:15,0,100,Mock-set
57.36963719,16:23,1,27.61295009,Mock-set
60.34418989,16:02,0,100,Mock-set
43.08101151,17:23,1,23.62311031,Mock-set
42.22705105,17:17,0,97.59978231,Mock-set
40.05268474,18:08,1,55.21634107,Mock-set
39.56070471,18:25,0,100,Mock-set
35.82210145,19:24,1,45.19513102,Mock-set
50.49836075,19:19,0,99.94615292,Mock-set
26.42711107,20:34,1,50.23745548,Mock-set
21.09447879,20:59,0,96.62874377,Mock-set
3,21:36,1,54.62112207,Mock-set
2,21:01,0,93.34717525,Mock-set
4.830760907,22:10,1,53.45669815,Mock-set
2,22:14,0,100,Mock-set
7.321607109,23:16,1,51.06244942,Mock-set
7.555131507,23:23,0,99.22602882,Mock-set
9.664321334,0:00,1,47.67866556,Mock-set
7,0:17,0,98.83027024,Mock-set
7,0:40,1,43.94597898,Mock-set
5.885744358,0:47,0,100,Mock-set
7.031275002,1:00,1,46.41014201,Mock-set
0.657595746,1:07,0,100,Mock-set
1.293121452,1:08,1,43.63810553,Mock-set
8.011366009,1:13,0,100,Mock-set
5.083328686,1:40,1,51.97097256,Mock-set
6.948712077,1:50,0,100,Mock-set
1,1:55,1,50.08493389,Mock-set
3.889633928,1:54,0,100,Mock-set
4,2:13,1,54.72226886,Mock-set
7,2:26,0,96.34345895,Mock-set
6.099445434,2:44,1,50.18698197,Mock-set
0.61394421,2:37,0,100,Mock-set
1,2:45,1,53.23198704,Mock-set
1.705093146,3:03,0,100,Mock-set
1,3:14,1,48.34405238,Mock-set
8.113669921,3:17,0,95.11650022,Mock-set
19.1593264,3:32,1,41.61103085,Mock-set
7.59720457,3:45,0,99.27182775,Mock-set
1.283056913,4:11,1,48.24082995,Mock-set
9.001955682,4:07,0,98.36252146,Mock-set
6.403446687,4:21,1,57.69123422,Mock-set
3.319196632,4:33,0,100,Mock-set
11.70505768,4:37,1,53.19356412,Mock-set
7.606167004,5:00,0,98.98638273,Mock-set
28.72012618,4:47,1,53.43166745,Mock-set
15.87001045,4:58,0,97.44828331,Mock-set
26.36933713,5:34,1,56.54703576,Mock-set
23.11152979,5:29,0,100,Mock-set
10.51829999,5:32,1,48.89925915,Mock-set
11.98553234,5:34,0,100,Mock-set
22.26483769,5:42,1,47.25035518,Mock-set
18.86824137,5:41,0,94.24650573,Mock-set
29.8209368,5:59,1,55.07903791,Mock-set
21.50589772,6:05,0,100,Mock-set
33.7267904,23:10,1,13.09896283,Original
47.31870721,23:10,1,6.252269788,Original
38.48789465,23:10,1,17.7528964,Original
43.86412837,23:10,1,15.91699141,Original
35.99880583,23:10,1,6.796368838,Original
40.16402259,23:10,0,100,Original
25.39704408,23:10,0,100,Original
37.4248067,23:10,0,100,Original
46.66219245,23:10,0,100,Original
48.06879377,23:10,0,95.6166058,Original
35.87391344,23:10,0,96.90514398,Original
45.52616553,23:10,0,100,Original
30.19374232,23:10,0,99.23308275,Original
41.62286656,23:10,0,93.70553295,Original
40.45341139,23:10,0,100,Original
29.46051208,23:11,0,100,Original
34.0171837,23:11,0,100,Original
52.52173024,23:11,0,91.79123329,Original
50.03268676,23:11,0,95.59887361,Original
26.31648411,23:11,1,9.094920956,Original
36.80214117,23:11,1,11.50608152,Original
49.64275333,23:11,1,14.21734475,Original
42.35855888,23:11,0,94.94897491,Original
48.0196536,23:11,0,100,Original
48.52482088,23:11,1,8.529049311,Original
45.67705707,23:11,1,8.450319362,Original
35.24512476,23:11,1,7.602820895,Original
39.51601473,23:11,0,100,Original
44.7785628,23:11,0,90.07692495,Original
41.0314808,23:11,1,0.035084755,Original
31.86631497,23:11,1,6.149237946,Original
36.68299858,23:11,1,15.62351806,Original
52.13121265,23:11,0,97.62205512,Original
39.56645559,23:11,1,9.872562264,Original
40.6115344,23:11,1,12.49995738,Original
38.81639837,23:11,1,7.686186627,Original
51.50478703,23:11,1,1.811595761,Original
45.63090179,23:11,1,9.705649909,Original
36.19717659,23:11,1,13.39209466,Original
37.37308079,23:11,1,9.028467768,Original
42.07967644,23:12,1,13.97614889,Original
39.0629552,23:12,1,13.13179937,Original
38.08776392,23:12,1,19.56819841,Original
44.60442588,23:12,0,100,Original
50.30079089,23:12,0,98.05766007,Original
32.54951623,23:12,0,100,Original
24.06660989,23:12,0,100,Original
40.93160342,23:12,0,100,Original
47.25094378,23:12,0,100,Original
42.2011519,23:12,0,94.17711549,Original
40.98536187,23:12,0,96.36760156,Original
43.14227514,23:12,0,100,Original
50.87733843,23:12,0,98.42291452,Original
38.46201735,23:13,0,97.61905265,Original
38.09975395,23:13,0,100,Original
36.35696094,23:13,0,96.87425652,Original
40.98580427,23:13,0,97.08776576,Original
39.15072639,23:13,0,100,Original
43.54537399,23:13,0,100,Original
42.35594676,23:13,1,2.727133175,Original
45.32453079,23:13,1,12.49017705,Original
31.73847251,23:13,1,12.38894201,Original
27.0289645,23:13,0,92.44273017,Original
31.76971716,23:13,0,100,Original
44.20683259,23:13,0,100,Original
43.28055224,23:13,0,99.65756139,Original
46.88245589,23:13,1,12.14697941,Original
30.46106208,23:13,1,3.743600239,Original
37.4007661,23:13,1,9.777490674,Original
37.75596554,23:13,1,1.104981436,Original
42.91276788,23:13,1,5.509850864,Original
33.9734272,23:13,0,98.21479295,Original
31.00523573,23:13,0,94.73711522,Original
47.87263754,23:13,1,16.41988482,Original
39.14940852,23:13,1,8.921076983,Original
38.75215888,23:13,1,5.888544521,Original
38.17614392,23:13,1,18.00052053,Original
47.9858242,23:13,1,12.416668,Original
33.11889045,23:13,1,8.155764271,Original
44.55679192,23:13,1,4.831264474,Original
26.27790793,23:13,1,16.04445616,Original
36.97283241,23:13,1,14.63429178,Original
30.04085654,23:13,0,100,Original
31.05563781,23:13,0,98.59787449,Original
33.05478763,23:13,0,86.77155573,Original
29.52849428,23:13,0,100,Original
39.41654344,23:13,0,100,Original
31.41548433,23:13,0,90.30107801,Original
29.91127079,23:13,0,100,Original
47.85813612,23:13,0,89.07610925,Original
37.4048744,23:13,0,95.39947812,Original
40.46156633,23:13,0,97.06120429,Original
50.59533686,23:13,0,100,Original
46.44681072,23:13,0,95.58870603,Original
37.89519128,23:13,0,97.43272117,Original
37.24971016,23:13,0,96.9397556,Original
36.23677941,23:13,0,100,Original
36.63401244,23:13,0,99.15844792,Original
37.75161109,23:13,1,15.0419893,Original
29.21726819,23:13,1,1.050644459,Original
45.76180398,23:13,0,100,Original
54.12784158,23:13,0,98.55328054,Original
45.47732004,23:13,0,100,Original
44.07835994,23:13,0,93.31929753,Original
34.67488382,23:13,0,98.9214651,Original
41.20472083,23:13,0,100,Original
36.64389237,23:13,0,96.97684382,Original
45.33349724,23:13,0,96.18072204,Original
42.72814701,23:14,0,100,Original
35.91003067,23:14,0,100,Original
33.76215894,23:14,0,92.95207862,Original
37.12063157,23:14,0,97.56611389,Original
43.89364926,23:14,1,5.514264407,Original
51.1840346,23:14,1,10.87039502,Original
34.46224144,23:14,1,11.40508945,Original
40.96241872,23:14,1,5.352229976,Original
44.94923143,23:14,0,100,Original
37.63656219,23:14,0,93.79286915,Original
55.27197171,23:14,0,99.37561896,Original
44.99799352,23:14,0,100,Original
33.7842829,23:14,0,100,Original
32.08517004,23:14,0,96.98502328,Original
33.33485821,23:14,0,94.54456256,Original
41.56823621,23:14,0,97.54341177,Original
50.20349656,23:14,0,100,Original
39.67887893,23:14,0,100,Original
37.89733898,23:14,0,100,Original
39.80209236,23:14,0,100,Original
38.24373964,23:14,0,100,Original
36.77312544,23:14,1,9.520228139,Original
41.59981145,23:14,0,100,Original
35.8183568,23:14,0,100,Original
38.90099998,23:14,0,100,Original
35.63560881,23:14,0,100,Original
44.92413036,23:14,1,0,Original
21.88080439,23:14,1,13.3817487,Original
29.50939814,23:14,1,17.06877262,Original
48.99685779,23:14,1,9.751526439,Original
51.81764834,23:14,1,14.05358208,Original
40.46490461,23:14,1,9.527269289,Original
34.8055766,23:14,1,10.04137663,Original
38.10039776,23:14,1,6.731252549,Original
33.91694906,23:14,1,6.85827148,Original
52.58722247,23:14,0,100,Original
45.50997725,23:14,0,99.23152068,Original
32.92824171,23:14,0,93.04034562,Original
42.24953803,23:14,0,100,Original
56.01253171,23:14,0,100,Original
51.81273919,23:14,0,100,Original
28.83190024,23:14,0,99.14974014,Original
54.3670211,23:14,0,100,Original
38.00945836,23:14,0,97.18472774,Original
38.16420616,23:14,0,100,Original
32.1718607,23:14,1,7.174575679,Original
38.43261267,23:14,1,8.701894549,Original
29.19855488,23:14,1,10.28245925,Original
40.22564906,23:14,1,13.21996234,Original
58.16242711,23:14,1,12.40223288,Original
42.2899762,23:14,1,19.67522617,Original
44.03011495,23:14,1,0.293747805,Original
29.18122076,23:14,1,7.550706516,Original
24.50143571,23:14,1,0,Original
42.95044171,23:14,1,11.81033659,Original
49.51627037,23:14,1,9.903123236,Original
32.21802116,23:14,1,11.02431237,Original
33.19506922,23:15,1,4.902026412,Original
40.90999843,23:15,1,9.885753698,Original
43.64742244,23:15,1,20.19114866,Original
35.80437205,23:15,0,100,Original
39.80363472,23:15,0,95.36055119,Original
48.26883243,23:15,0,100,Original
51.44389112,23:15,0,94.95984401,Original
32.31412464,23:15,0,94.93751235,Original
38.6287201,23:15,0,96.55386452,Original
58.24397246,23:15,1,12.5159113,Original
51.15118673,23:15,1,16.61893562,Original
23.93573907,23:15,1,8.096950334,Original
44.68082396,23:15,1,6.968441056,Original
34.35846105,23:15,0,96.31184009,Original
39.78400952,23:15,0,100,Original
43.20453807,23:15,1,14.72105239,Original
39.66588722,23:15,1,1.832740712,Original
35.66522581,23:15,1,6.029931455,Original
43.25187806,23:15,1,3.83965781,Original
38.42979343,23:15,1,15.48187034,Original
51.86791744,23:15,1,20.88523842,Original
37.52062822,23:15,1,12.11285329,Original
42.9922686,23:15,1,19.12272235,Original
31.05721241,23:15,1,11.04607433,Original
41.81196769,23:15,1,7.546936433,Original
32.83470918,23:15,1,11.86674417,Original
41.05988905,23:15,1,10.71808434,Original
37.05260472,23:15,1,4.987316472,Original
33.23119064,23:15,1,9.42437174,Original
24.35027255,23:15,1,4.817549056,Original
42.56867526,23:15,1,13.74940326,Original
35.3471489,23:15,1,9.546663825,Original
53.73449862,23:15,1,4.103452662,Original
33.93662833,23:15,1,21.85794839,Original
48.72629418,23:15,1,11.89317093,Original
47.22805003,23:15,1,19.39379467,Original
33.76213959,23:15,1,4.256994181,Original
43.25778947,23:15,1,0,Original
41.35947399,23:15,1,11.05236521,Original
53.42108989,23:15,1,7.795704737,Original
41.24988616,23:15,1,13.10924468,Original
47.24207189,23:15,1,8.053827548,Original
46.63334144,23:15,1,3.17438762,Original
44.05891071,23:15,1,3.892390204,Original
38.51706151,23:15,1,9.191351,Original
26.92509295,23:15,1,13.70567997,Original
34.94457106,23:15,1,5.467877715,Original
37.98934913,23:15,1,2.502264293,Original
45.65860691,23:15,1,9.887555804,Original
50.11827837,23:15,1,18.97811628,Original
45.98891401,23:15,1,5.305329108,Original
33.96180532,23:15,1,13.0863011,Original
30.60223961,23:15,1,3.360816677,Original
40.71613793,23:15,1,11.11842257,Original
42.51907188,23:15,1,10.94100048,Original
30.07661819,23:15,1,9.555959098,Original
47.96845753,23:15,1,8.242765694,Original
46.3134935,23:16,1,10.89710767,Original
37.9486681,23:16,1,7.322431966,Original
35.73755945,23:16,1,6.155709163,Original
41.33441212,23:16,1,9.653680744,Original
42.625853,23:16,1,12.05527907,Original
40.27637669,23:16,1,7.977223675,Original
40.82986187,23:16,1,0.927518359,Original
45.26590709,23:16,1,9.395798504,Original
36.92880237,23:16,0,99.76954435,Original
29.24493692,23:16,0,98.94179758,Original
41.62158667,23:16,0,100,Original
41.7878328,23:16,0,97.84005935,Original
36.26326793,23:16,0,100,Original
43.95695888,23:16,0,99.2465409,Original
44.0627166,23:16,0,91.88542743,Original
33.26503737,23:16,0,100,Original
39.05314998,23:16,0,98.69888517,Original
43.2898831,23:16,0,100,Original
38.51041212,23:16,0,98.36484263,Original
31.54829281,23:16,0,98.60545136,Original
44.26135799,23:16,0,100,Original
48.59444998,23:16,1,8.052190206,Original
36.08781989,23:16,1,20.2518386,Original
30.30449699,23:16,1,2.075636887,Original
33.80859338,23:16,1,6.588468953,Original
38.84743466,0:02,1,16.57051633,Original
43.20214333,0:02,1,17.3833439,Original
49.80220141,0:02,1,10.14358142,Original
37.24359838,0:02,1,6.566477658,Original
40.05673927,0:02,1,8.583791245,Original
42.21961346,0:02,1,11.97174141,Original
35.91176462,0:02,1,11.32894143,Original
36.54456083,0:02,1,20.04895413,Original
41.8762628,0:02,1,7.722764519,Original
30.71330992,0:02,1,4.23971464,Original
40.93409732,0:02,1,9.893455877,Original
39.72258576,0:02,1,10.30035403,Original
31.41892625,0:02,1,8.679632699,Original
40.05740628,0:02,1,5.636503572,Original
30.16365466,0:02,0,100,Original
40.78550495,0:02,1,14.310991,Original
27.0299672,0:02,1,10.3047002,Original
41.64322454,0:02,1,0,Original
32.99509644,0:02,1,13.5409831,Original
44.36510131,0:03,1,3.191908848,Original
43.53124775,0:03,1,12.16951961,Original
37.2419508,0:03,1,5.382086596,Original
44.9509838,0:03,0,100,Original
22.74826254,0:03,0,100,Original
37.51730071,0:03,0,89.59276153,Original
42.41729339,0:03,0,100,Original
36.97302979,0:03,1,6.708259992,Original
25.98465902,0:03,1,9.808378317,Original
40.31005822,0:03,0,100,Original
43.48299805,0:03,0,98.33553045,Original
39.21458366,0:03,0,93.29519368,Original
43.76795737,0:03,1,13.15286313,Original
37.84975132,0:03,1,1.561555249,Original
40.6420054,0:03,1,15.03614839,Original
41.13958099,0:04,1,8.685075753,Original
42.13264066,0:04,1,8.881431954,Original
45.52231106,0:04,1,11.23464267,Original
43.56188388,0:04,1,13.30860454,Original
43.35720288,0:04,0,89.24019268,Original
30.02942652,0:04,0,94.22189388,Original
36.33042875,0:04,1,8.266627793,Original
36.36645285,0:04,1,7.18736028,Original
31.79163944,0:04,1,7.968600115,Original
44.72530011,0:04,1,9.525413621,Original
40.00632517,0:04,0,100,Original
48.32273584,0:04,0,100,Original
38.92577835,0:04,1,8.982239612,Original
36.02271224,0:04,1,5.645752795,Original
40.63241825,0:04,1,8.803929811,Original
31.65503312,0:04,1,5.477166443,Original
45.28724491,0:04,1,13.48186603,Original
44.3708275,0:04,0,100,Original
27.29312226,0:05,1,4.22456191,Original
37.55362187,0:05,1,10.28972324,Original
44.72348363,0:05,1,14.49595965,Original
38.04776245,0:05,0,100,Original
44.66591824,0:05,0,100,Original
36.80586524,0:05,1,5.771057446,Original
46.05704724,0:05,1,9.910384842,Original
32.8701961,0:05,0,99.26080265,Original
47.77794126,0:05,0,98.63256781,Original
36.88209906,0:05,0,96.71837399,Original
54.04713192,0:05,1,5.784621926,Original
41.06363028,0:05,1,1.788376176,Original
31.92936799,0:05,1,16.62333142,Original
49.9971778,16:21,0,100,Original
29.47135046,16:21,0,98.10866313,Original
34.06762319,16:21,0,100,Original
45.64229589,16:21,0,97.1648046,Original
25.72770372,16:21,0,100,Original
38.13395836,16:21,0,93.04791474,Original
29.69410125,16:21,0,98.79534983,Original
41.01238308,16:21,0,99.70077129,Original
38.57870636,16:21,0,98.96174845,Original
41.46033998,16:21,0,99.88699453,Original
40.11910099,16:21,0,97.73865663,Original
40.15209521,16:21,0,88.37250823,Original
43.19691887,16:21,0,100,Original
38.21713427,16:21,0,98.60460977,Original
39.95669159,16:21,0,93.62905267,Original
50.18006441,16:21,0,100,Original
35.41628934,16:21,0,96.91546892,Original
33.94353808,16:21,0,95.56665354,Original
41.65120568,16:21,0,100,Original
40.09984563,16:21,0,93.94315015,Original
44.84449915,16:22,0,89.32557118,Original
40.27906802,16:22,0,100,Original
39.8395599,16:22,0,100,Original
38.55532594,16:22,0,92.25324312,Original
41.4223505,16:22,0,100,Original
41.27028373,16:22,0,100,Original
39.60141979,16:22,0,100,Original
43.15667077,16:22,0,93.19609643,Original
46.55968936,16:22,0,95.92160851,Original
49.5174556,16:22,0,100,Original
27.41264426,16:22,0,96.02361238,Original
47.45509046,16:22,0,93.44552622,Original
37.41094197,16:22,0,100,Original
54.62876931,16:22,0,90.55537733,Original
33.64264245,16:22,0,100,Original
57.40207181,16:22,0,94.90746778,Original
51.36447633,16:22,0,100,Original
41.9811449,16:54,0,100,Original
31.5735744,16:54,0,95.16631977,Original
30.42537829,16:54,0,100,Original
42.60826857,16:54,0,99.07236216,Original
39.87406431,16:54,0,100,Original
38.95772051,16:54,0,87.87023149,Original
26.07994074,16:54,0,97.14227209,Original
42.60184644,16:56,0,100,Original
50.95363323,16:56,0,99.2587333,Original
42.80610598,16:56,0,98.36209885,Original
30.74554625,16:56,0,100,Original
48.21688673,16:56,0,100,Original
55.01656114,16:56,0,100,Original
40.87495369,16:57,0,100,Original
40.4377196,16:57,0,97.40725831,Original
45.23731987,16:57,0,100,Original
33.75309922,16:57,0,95.94115106,Original
42.42762468,16:57,0,100,Original
47.26680975,16:57,0,100,Original
38.20758072,16:57,0,96.69385914,Original
53.00470238,16:57,0,97.27394289,Original
50.38621065,16:57,0,100,Original
41.74135798,16:57,1,6.049227803,Original
38.10535628,16:57,0,100,Original
54.9765739,16:57,0,97.48165374,Original
44.55280593,16:57,0,100,Original
44.53226312,16:57,0,100,Original
31.4291076,16:57,0,99.31261423,Original
31.05691674,16:57,0,96.56636198,Original
29.78511238,16:57,0,100,Original
39.4352082,16:57,0,98.825853,Original
44.99678757,16:57,0,100,Original
36.38818865,16:57,0,96.69255611,Original
35.46008264,16:57,0,100,Original
32.26085502,16:57,0,91.82543513,Original
40.08340662,16:57,0,100,Original
49.96928098,16:57,0,99.17323404,Original
26.8609801,16:57,0,100,Original
31.46869368,16:57,0,100,Original
23.63597734,16:57,0,97.49360013,Original
39.45117253,16:57,0,93.31033341,Original
48.51868358,16:57,0,100,Original
33.31447733,16:57,0,98.95346963,Original
57.06357767,16:57,0,92.27276726,Original
45.28553486,16:57,0,93.45603143,Original
39.57046331,16:57,0,94.11083225,Original
36.58837217,16:57,0,100,Original
42.19418271,16:57,0,100,Original
34.28091591,16:57,0,95.69869248,Original
45.7202765,16:57,0,99.78285917,Original
43.66191573,16:57,0,100,Original
27.43509869,16:57,0,100,Original
51.740299,16:57,0,100,Original
40.96813498,16:57,0,100,Original
35.99333573,16:57,0,100,Original
43.51376594,16:57,0,98.33372246,Original
27.95967521,16:57,0,100,Original
34.60794136,16:57,0,98.64133773,Original
36.73796775,16:57,1,22.13062885,Original
37.9267313,16:58,0,96.24432483,Original
38.40671803,16:58,1,12.34805337,Original
43.98335727,16:58,1,12.62218127,Original
36.03570394,16:58,1,12.19436603,Original
30.91240983,16:58,1,4.109720704,Original
31.77023343,16:58,1,20.67962392,Original
40.34927066,16:58,1,4.842142747,Original
28.29146434,16:58,0,95.53875874,Original
29.63282722,16:58,0,94.46413926,Original
28.26682801,16:58,0,100,Original
38.25542366,16:58,0,99.77467942,Original
41.41394107,16:58,0,100,Original
47.78149582,16:58,1,11.26277131,Original
43.91485585,16:59,1,16.30366816,Original
42.40485707,16:59,1,3.472934518,Original
44.35530624,16:59,1,16.5417448,Original
44.10998931,16:59,0,100,Original
26.11455075,16:59,0,100,Original
46.02612968,16:59,0,100,Original
41.96340051,16:59,0,97.22478025,Original
37.73423694,16:59,1,9.182495315,Original
44.15666376,16:59,1,12.13735298,Original
48.81536516,16:59,1,3.710628422,Original
43.09512668,16:59,1,6.497862998,Original
40.0275758,16:59,1,15.65807358,Original
33.45115361,16:59,1,14.26307369,Original
43.11247731,16:59,1,5.144990508,Original
45.14054114,16:59,0,90.92106803,Original
50.28600975,16:59,1,17.55160231,Original
37.02373921,16:59,0,98.83487559,Original
45.90991462,16:59,0,100,Original
38.14859331,16:59,1,12.86681751,Original
30.6432594,16:59,0,93.98717981,Original
37.30618901,16:59,0,95.45506891,Original
32.45901067,16:59,0,99.65771338,Original
33.8934957,16:59,0,100,Original
43.37487655,16:59,1,12.12111709,Original
36.47302991,16:59,1,17.56069745,Original
57.76686923,16:59,0,97.31076571,Original
48.22981031,16:59,0,98.36838678,Original
47.76785823,16:59,1,15.0470822,Original
39.02041834,16:59,1,11.11313522,Original
50.86190978,16:59,1,16.69612981,Original
39.61234687,16:59,1,7.100784579,Original
38.72564996,16:59,1,13.14726478,Original
30.51765841,16:59,1,7.443653741,Original
53.82595621,16:59,1,16.45833526,Original
43.52048697,16:59,0,100,Original
25.57444723,16:59,0,100,Original
49.36027259,16:59,0,100,Original
36.47617097,16:59,0,98.40222099,Original
38.50899716,16:59,0,96.41495023,Original
30.86812892,16:59,0,94.00671924,Original
41.71319619,16:59,0,96.04113608,Original
37.23430118,16:59,0,100,Original
53.35353001,16:59,0,100,Original
43.20133331,17:00,0,86.13475639,Original
33.16441348,17:00,0,100,Original
47.23345092,17:00,0,95.89494588,Original
36.48189918,17:00,0,99.67237204,Original
40.69965859,17:00,0,92.53151788,Original
47.70711221,17:00,0,100,Original
47.54331125,17:00,0,99.54775685,Original
29.57481172,17:00,0,92.50645887,Original
28.14765469,17:00,0,100,Original
43.13260131,17:00,0,100,Original
40.36860559,17:00,1,8.359888189,Original
46.79165861,17:00,1,17.84111621,Original
43.23946911,17:00,1,11.6067552,Original
31.06984022,17:00,1,1.962353225,Original
43.67050607,17:00,1,11.85197878,Original
46.2169626,17:00,1,18.68898385,Original
45.15394426,17:00,1,11.1078863,Original
44.54629104,17:00,0,100,Original
31.16320405,17:00,1,4.186717336,Original
42.32715113,17:00,1,6.549159382,Original
37.53632153,17:00,1,5.506502147,Original
36.56315335,17:00,1,8.699902983,Original
36.93138368,17:00,1,11.62931526,Original
43.36043965,17:00,0,100,Original
46.54460568,17:00,1,8.220863171,Original
47.71656055,17:00,0,100,Original
32.3812077,17:00,0,96.85374446,Original
44.20504299,17:00,0,100,Original
36.63349497,17:00,0,100,Original
42.21893691,17:00,0,100,Original
50.24067883,17:00,0,98.31158749,Original
33.9822653,17:00,0,100,Original
41.01432211,17:00,0,99.38305267,Original
48.89836326,17:00,1,5.015726097,Original
44.45498608,17:00,1,16.91013366,Original
28.22271834,17:00,1,14.26449199,Original
36.57148987,17:00,1,8.359049084,Original
35.27306098,17:01,1,10.98548379,Original
48.2800315,17:01,1,8.404690848,Original
42.53795714,17:01,1,2.617942297,Original
37.82681688,17:01,0,89.6065354,Original
32.41194889,17:01,0,100,Original
38.75339301,17:01,0,97.42771558,Original
36.23193647,17:01,0,94.51548552,Original
33.78502869,17:01,0,96.13690255,Original
42.79750849,17:01,1,7.718840294,Original
38.61734613,17:01,1,9.377049979,Original
31.14978653,17:01,1,14.04492184,Original
30.65872979,17:01,1,12.12789043,Original
46.32787999,17:01,1,2.285944277,Original
40.88297837,17:01,1,9.072582985,Original
29.47634332,17:01,1,4.627128176,Original
44.73275677,17:01,1,11.55327207,Original
42.2703183,17:01,1,5.316458281,Original
33.83403658,17:01,1,9.451049985,Original
30.26629803,17:01,1,8.424314295,Original
36.2051442,17:01,1,6.71708724,Original
52.98863966,17:01,1,17.67996887,Original
34.30446744,17:01,1,15.70638616,Original
38.02097698,17:01,1,11.4127255,Original
33.58387646,17:01,1,12.19119495,Original
51.49934396,17:01,1,15.08263433,Original
39.69053743,17:02,1,9.304373348,Original
45.086793,17:02,1,9.491525567,Original
42.53433636,17:02,1,3.851724498,Original
37.80752926,17:02,1,17.07440925,Original
47.60354645,17:02,1,10.61262185,Original
36.08162983,17:02,1,10.7651383,Original
52.26597166,17:02,1,0.322707653,Original
32.97314853,17:02,1,7.2007949,Original
41.45122542,17:02,1,13.22150711,Original
40.79608337,17:02,1,10.09419717,Original
34.89076208,17:02,1,7.514524721,Original
34.55952965,17:02,1,13.79860952,Original
36.48029547,17:02,1,12.15380872,Original
39.21498177,17:02,1,8.403096963,Original
30.79816381,17:02,1,10.74707259,Original
45.82243761,17:02,1,16.05353842,Original
41.92367441,17:02,1,11.18838941,Original
37.84209591,17:02,1,13.26269151,Original
45.38350658,17:02,1,8.351623629,Original
37.13126966,17:02,1,16.859946,Original
34.41510709,17:02,1,6.570991923,Original
43.90675347,17:02,1,21.23835935,Original
43.23754123,17:02,1,8.902440011,Original
37.37785823,17:02,1,12.13644268,Original
46.07719707,17:02,1,11.13663191,Original
41.49131973,17:02,1,13.85625687,Original
37.39252452,17:02,1,11.89223394,Original
47.26057182,17:02,1,5.928294249,Original
54.18146003,17:02,1,8.289669721,Original
45.79680229,17:02,1,16.11801881,Original
48.05988108,17:02,1,10.84391042,Original
30.21608246,17:02,1,0,Original
34.13316746,17:02,1,5.537657159,Original
40.39583426,17:02,1,21.65624046,Original
23.81575051,17:02,1,5.506049209,Original
39.89390979,17:02,1,14.2214392,Original
31.13116188,17:02,1,13.86170801,Original
37.91449695,17:02,1,14.82197481,Original
34.63964377,17:02,1,5.843541398,Original
33.4622082,17:02,1,2.684874092,Original
37.15433922,17:02,1,2.558633358,Original
44.63511284,17:02,1,11.84058032,Original
41.82073539,17:02,1,10.71899164,Original
44.9559261,17:02,1,4.192176923,Original
36.52508383,17:02,1,20.49940055,Original
52.28636696,17:02,1,10.47859639,Original
33.86817384,17:02,1,20.31974851,Original
32.40915283,17:02,1,10.51903409,Original
54.28857306,17:02,1,4.330287037,Original
37.01703149,17:02,1,10.26885735,Original
49.38878128,17:02,1,7.928352979,Original
35.196737,17:02,1,11.26352912,Original
40.84756319,17:02,1,4.92216243,Original
40.96162377,17:02,1,7.125828269,Original
48.1493063,17:02,1,1.282298388,Original
45.12428088,17:02,1,10.74810555,Original
44.89575051,17:02,1,14.14544244,Original
47.87176667,17:02,1,16.0463776,Original
32.39192192,17:02,1,19.79871493,Original
47.12985053,17:03,1,14.93965198,Original
51.92850717,17:03,1,1.708652519,Original
39.422611,17:03,1,10.45144561,Original
56.95985725,17:03,1,14.5368853,Original
42.88128583,17:03,1,6.199400282,Original
51.14990038,17:03,1,2.927879508,Original
44.76929112,17:03,1,21.81346618,Original
46.03321863,17:03,1,0,Original
45.58494427,17:03,1,12.44398005,Original
31.90491151,17:03,1,5.907706838,Original
26.18569143,17:03,1,11.80318276,Original
49.90254473,17:03,1,16.40432469,Original
35.8243442,17:03,1,12.16602797,Original
62.03344553,17:03,1,6.681214241,Original
38.82212912,17:03,1,2.753822387,Original
42.50442773,17:03,1,10.8420401,Original
35.12763533,17:03,1,16.13576127,Original
28.80957085,17:03,1,6.848985175,Original
40.55589934,17:03,1,8.573052206,Original
49.75991663,17:03,1,0,Original
29.22123609,17:03,1,8.988553468,Original
40.57537692,17:03,1,15.40086402,Original
42.2271344,17:03,1,12.68386325,Original
38.62502958,17:03,1,15.22045722,Original
36.96691042,17:03,1,9.238240509,Original
41.27016674,17:03,1,10.62241186,Original
30.12470779,17:03,1,16.33033827,Original
43.0928291,17:03,1,3.622404315,Original
38.80879727,17:03,1,7.828914971,Original
32.53275614,17:03,1,2.598975067,Original
32.23068525,17:03,1,2.89173055,Original
38.52570452,17:03,1,1.931294804,Original
43.21001715,17:03,1,10.89888479,Original
24.85797282,17:03,1,9.666293326,Original
42.3054256,17:03,1,16.52030038,Original
43.50407836,17:03,1,16.5567957,Original
46.47019077,17:03,1,9.59316712,Original
36.6982234,17:03,1,18.30065764,Original
44.53742015,17:03,1,2.611171233,Original
51.64676272,17:03,1,9.049020948,Original
38.92937268,17:03,1,8.718510077,Original
43.68845125,17:03,1,11.87567937,Original
37.25954273,17:03,1,15.8561563,Original
51.67552976,17:03,1,12.42475295,Original
41.87049064,17:03,1,10.13145261,Original
39.25134277,17:03,1,17.05419646,Original
43.15822841,17:03,1,9.150309946,Original
29.85945043,17:03,1,12.00242642,Original
34.57002828,17:03,1,4.493471948,Original
27.9202426,17:03,1,5.27297293,Original
45.50460317,17:03,1,13.28330336,Original
51.23626989,17:03,1,17.19962095,Original
46.588995,17:03,1,17.62783475,Original
31.61961467,17:03,1,21.82431242,Original
56.85099499,17:03,1,9.422078773,Original
35.39524247,17:03,1,7.59321927,Original
41.91763764,17:03,1,6.684225477,Original
51.03838832,17:03,1,3.676398009,Original
42.4423766,17:03,1,4.756163319,Original
36.34950599,17:03,1,15.65667102,Original
44.73944791,17:04,1,8.8027363,Original
48.18620535,17:04,1,11.15156551,Original
41.01482017,17:04,1,9.179536169,Original
42.56321692,17:04,1,18.15082117,Original
44.1981188,17:04,1,4.935277354,Original
33.13100549,17:04,1,12.58645382,Original
47.93606404,17:04,1,18.88936281,Original
20.11513353,17:04,1,17.30574549,Original
37.23232144,17:04,1,6.112449703,Original
44.71128074,17:04,1,6.899898564,Original
33.16705043,17:04,1,13.40152509,Original
47.2139005,17:04,1,9.285466738,Original
34.45850776,17:04,1,16.82022664,Original
36.01719,17:04,1,12.54640265,Original
50.85854736,17:04,1,4.212816184,Original
35.01746102,17:04,1,6.133046284,Original
49.96941795,17:04,1,8.735156125,Original
52.78658085,17:04,1,11.61236043,Original
39.78224886,17:04,1,11.74078553,Original
39.65284514,17:04,1,9.369136957,Original
52.59025072,17:04,1,12.9216364,Original
36.82114502,17:04,1,0.312950409,Original
32.77875317,17:04,1,6.954012992,Original
34.65353199,17:04,1,12.36912551,Original
37.96356812,17:04,1,5.650470748,Original
42.06455452,17:04,1,7.060390902,Original
41.96786851,17:04,1,1.777336114,Original
47.45034571,17:04,1,11.141399,Original
37.89969054,17:04,1,15.90212664,Original
40.40444772,17:04,1,11.08730123,Original
33.05995594,17:04,1,16.05146988,Original
23.6841861,17:04,1,4.685402046,Original
30.58131959,17:04,1,21.1945281,Original
23.87160177,17:04,1,0.40096895,Original
29.48883185,17:04,1,16.01256873,Original
26.92160234,17:04,1,17.41122548,Original
35.88938145,17:04,1,13.83892173,Original
42.42841603,17:04,1,6.395873098,Original
31.21125975,17:04,1,21.89954955,Original
41.57959345,17:04,1,14.52336366,Original
35.85109283,17:04,1,6.025488599,Original
44.52541275,17:04,1,6.783225165,Original
45.69575433,17:04,1,12.68650018,Original
38.59903641,17:04,1,6.501272159,Original
38.68790199,17:04,1,4.339607192,Original
37.88702178,17:04,1,0.934020658,Original
25.83724999,17:04,1,11.3455098,Original
39.19146103,17:04,1,14.12380394,Original
41.89001815,17:04,1,7.64808691,Original
25.51657304,17:04,1,7.274498859,Original
40.32491034,17:04,1,17.15908256,Original
46.66311228,17:04,1,10.96383287,Original
48.13598433,17:04,1,11.64362467,Original
41.28174032,17:04,1,9.926659061,Original
41.58972713,17:04,1,13.67328042,Original
31.22385625,17:04,1,17.6695825,Original
43.81166618,17:04,1,5.632478413,Original
41.72715787,17:04,1,7.578957051,Original
42.97457092,17:04,1,15.92694591,Original
33.77049248,17:05,1,11.69863767,Original
43.4873414,17:05,1,8.674647753,Original
32.3509067,17:05,1,15.54186934,Original
43.41980093,17:05,1,7.340696118,Original
38.4219346,17:05,1,0,Original
44.83432228,17:05,1,10.19015305,Original
44.49207228,17:05,1,1.447553984,Original
40.95042234,17:05,1,16.6539806,Original
23.28296453,17:05,1,14.12510143,Original
43.1224088,17:05,1,5.383016999,Original
43.07986846,17:05,1,6.960094277,Original
58.07948221,17:05,1,0,Original
31.97024561,17:05,1,4.158184586,Original
22.23741763,17:05,1,17.70799862,Original
48.00531377,17:05,1,13.02566332,Original
47.49172175,17:05,1,7.035882208,Original
36.79039013,17:05,1,10.14182066,Original
40.39429215,17:05,1,3.39464792,Original
30.62819236,17:05,1,8.260092499,Original
36.32568676,17:05,1,10.78806784,Original
42.26733765,17:05,1,8.501053287,Original
40.52670088,17:05,1,12.15026468,Original
43.51995948,17:05,1,16.85008324,Original
31.18961236,17:05,1,8.859567585,Original
35.43380454,17:05,1,10.16472765,Original
45.87046173,17:05,1,8.26589391,Original
33.61708099,17:05,1,16.30644522,Original
51.60998758,17:05,1,10.05314136,Original
33.71684145,17:05,1,8.214308082,Original
56.6719131,17:05,1,15.68871185,Original
36.66663641,17:05,1,11.57918233,Original
30.51965814,17:05,1,10.77627239,Original
31.46865422,17:05,1,14.03006842,Original
34.69752617,17:05,1,13.05709606,Original
44.24986221,17:05,1,10.65121188,Original
46.74862928,17:05,1,11.76933042,Original
44.46670625,17:05,0,97.03587144,Original
38.40317625,17:05,0,95.55143901,Original
22.21884054,17:05,0,86.20782549,Original
41.77385122,17:05,0,93.43829299,Original
35.42934189,17:05,1,10.56857531,Original
50.33339683,17:05,1,10.22078388,Original
40.02605859,17:05,1,11.22911892,Original